﻿--
-- Script was generated by Devart dbForge Studio for MySQL, Version 8.0.40.0
-- Product home page: http://www.devart.com/dbforge/mysql/studio
-- Script date 31/08/2021 23:35:26
-- Server version: 5.5.5-10.1.40-MariaDB
-- Client version: 4.1
--

-- 
-- Disable foreign keys
-- 
/*!40014 SET @OLD_FOREIGN_KEY_CHECKS=@@FOREIGN_KEY_CHECKS, FOREIGN_KEY_CHECKS=0 */;

-- 
-- Set SQL mode
-- 
/*!40101 SET @OLD_SQL_MODE=@@SQL_MODE, SQL_MODE='NO_AUTO_VALUE_ON_ZERO' */;

-- 
-- Set character set the client will use to send SQL statements to the server
--
SET NAMES 'utf8';

DROP DATABASE IF EXISTS ligalol;

CREATE DATABASE IF NOT EXISTS ligalol
CHARACTER SET latin1
COLLATE latin1_swedish_ci;

--
-- Set default database
--
USE ligalol;

--
-- Create table `equipos`
--
CREATE TABLE IF NOT EXISTS equipos (
  codigo_equipo int(3) NOT NULL AUTO_INCREMENT,
  descripcion text DEFAULT NULL,
  nombre_e varchar(25) DEFAULT NULL,
  PRIMARY KEY (codigo_equipo)
)
ENGINE = INNODB,
AUTO_INCREMENT = 11,
AVG_ROW_LENGTH = 1638,
CHARACTER SET latin1,
COLLATE latin1_swedish_ci;

--
-- Create table `patrocinadores`
--
CREATE TABLE IF NOT EXISTS patrocinadores (
  nombre_p varchar(150) NOT NULL,
  codigo_equipo int(3) NOT NULL,
  PRIMARY KEY (nombre_p, codigo_equipo)
)
ENGINE = INNODB,
AVG_ROW_LENGTH = 1638,
CHARACTER SET latin1,
COLLATE latin1_swedish_ci;

--
-- Create foreign key
--
ALTER TABLE patrocinadores
ADD CONSTRAINT FK_patrocinadores_codigo_equip FOREIGN KEY (codigo_equipo)
REFERENCES equipos (codigo_equipo) ON DELETE CASCADE ON UPDATE CASCADE;

--
-- Create table `jugadores`
--
CREATE TABLE IF NOT EXISTS jugadores (
  codigo_jugador int(3) NOT NULL AUTO_INCREMENT,
  nombre_j varchar(25) DEFAULT NULL,
  rol varchar(30) DEFAULT NULL,
  nacionalidad varchar(30) DEFAULT NULL,
  descripcion text DEFAULT NULL,
  nick varchar(30) DEFAULT NULL,
  codigo_equipo int(3) DEFAULT NULL,
  PRIMARY KEY (codigo_jugador)
)
ENGINE = INNODB,
AUTO_INCREMENT = 76,
AVG_ROW_LENGTH = 655,
CHARACTER SET latin1,
COLLATE latin1_swedish_ci;

--
-- Create foreign key
--
ALTER TABLE jugadores
ADD CONSTRAINT fk_jugador_equipo FOREIGN KEY (codigo_equipo)
REFERENCES equipos (codigo_equipo) ON DELETE CASCADE ON UPDATE CASCADE;

--
-- Create table `entrenadores`
--
CREATE TABLE IF NOT EXISTS entrenadores (
  codigo_entrenador int(3) NOT NULL AUTO_INCREMENT,
  descripcion text DEFAULT NULL,
  alias varchar(25) DEFAULT NULL,
  nacionalidad varchar(30) DEFAULT NULL,
  edad int(2) DEFAULT NULL,
  codigo_equipo int(3) DEFAULT NULL,
  nombre_coach varchar(25) DEFAULT NULL,
  PRIMARY KEY (codigo_entrenador)
)
ENGINE = INNODB,
AUTO_INCREMENT = 11,
AVG_ROW_LENGTH = 1638,
CHARACTER SET latin1,
COLLATE latin1_swedish_ci;

--
-- Create foreign key
--
ALTER TABLE entrenadores
ADD CONSTRAINT fk_equipo_entrenador FOREIGN KEY (codigo_equipo)
REFERENCES equipos (codigo_equipo) ON DELETE CASCADE ON UPDATE CASCADE;

--
-- Create table `partidos`
--
CREATE TABLE IF NOT EXISTS partidos (
  codigo_partido int(3) NOT NULL AUTO_INCREMENT,
  fase_jornada varchar(30) DEFAULT NULL,
  fecha datetime DEFAULT NULL,
  PRIMARY KEY (codigo_partido)
)
ENGINE = INNODB,
AUTO_INCREMENT = 94,
AVG_ROW_LENGTH = 3276,
CHARACTER SET latin1,
COLLATE latin1_swedish_ci;

--
-- Create table `juegan`
--
CREATE TABLE IF NOT EXISTS juegan (
  codigo_partido int(3) NOT NULL,
  codigo_equipo int(3) NOT NULL,
  nº_asesinatos int(3) DEFAULT NULL,
  barones_derrotados int(2) DEFAULT NULL,
  dragones_obtenidos int(2) DEFAULT NULL,
  inhibidores_destruidos int(1) DEFAULT NULL,
  destruccion_nexo tinyint(4) DEFAULT NULL,
  torres_destruidas int(2) DEFAULT NULL,
  oro_conseguido int(10) DEFAULT NULL,
  PRIMARY KEY (codigo_partido, codigo_equipo)
)
ENGINE = INNODB,
AVG_ROW_LENGTH = 1638,
CHARACTER SET latin1,
COLLATE latin1_swedish_ci;

--
-- Create index `uk_partido_equipo` on table `juegan`
--
ALTER TABLE juegan
ADD UNIQUE INDEX uk_partido_equipo (codigo_partido, codigo_equipo);

--
-- Create foreign key
--
ALTER TABLE juegan
ADD CONSTRAINT fk_equipo_juegan FOREIGN KEY (codigo_equipo)
REFERENCES equipos (codigo_equipo) ON DELETE CASCADE ON UPDATE CASCADE;

--
-- Create foreign key
--
ALTER TABLE juegan
ADD CONSTRAINT fk_partido_juegan FOREIGN KEY (codigo_partido)
REFERENCES partidos (codigo_partido) ON DELETE CASCADE ON UPDATE CASCADE;

--
-- Create table `campeones`
--
CREATE TABLE IF NOT EXISTS campeones (
  codigo_campeon int(3) NOT NULL AUTO_INCREMENT,
  nombre_champ varchar(25) NOT NULL,
  PRIMARY KEY (codigo_campeon)
)
ENGINE = INNODB,
AUTO_INCREMENT = 155,
AVG_ROW_LENGTH = 106,
CHARACTER SET latin1,
COLLATE latin1_swedish_ci;

--
-- Create table `pickean`
--
CREATE TABLE IF NOT EXISTS pickean (
  codigo_partido int(3) NOT NULL,
  codigo_campeon int(3) NOT NULL,
  codigo_jugador int(3) NOT NULL
)
ENGINE = INNODB,
AVG_ROW_LENGTH = 106,
CHARACTER SET latin1,
COLLATE latin1_swedish_ci;

--
-- Create index `IX_pickean_campeonpartidojugador` on table `pickean`
--
ALTER TABLE pickean
ADD UNIQUE INDEX IX_pickean_campeonpartidojugador (codigo_partido, codigo_campeon, codigo_jugador);

--
-- Create foreign key
--
ALTER TABLE pickean
ADD CONSTRAINT fk_campeon_pickean FOREIGN KEY (codigo_campeon)
REFERENCES campeones (codigo_campeon) ON DELETE CASCADE ON UPDATE CASCADE;

--
-- Create foreign key
--
ALTER TABLE pickean
ADD CONSTRAINT fk_jugador_pickean FOREIGN KEY (codigo_jugador)
REFERENCES jugadores (codigo_jugador) ON DELETE CASCADE ON UPDATE CASCADE;

--
-- Create foreign key
--
ALTER TABLE pickean
ADD CONSTRAINT fk_partido_pickean FOREIGN KEY (codigo_partido)
REFERENCES partidos (codigo_partido) ON DELETE CASCADE ON UPDATE CASCADE;

--
-- Create table `banean`
--
CREATE TABLE IF NOT EXISTS banean (
  codigo_partido int(3) NOT NULL,
  codigo_campeon int(3) NOT NULL,
  codigo_jugador int(3) NOT NULL
)
ENGINE = INNODB,
AVG_ROW_LENGTH = 106,
CHARACTER SET latin1,
COLLATE latin1_swedish_ci;

--
-- Create index `IX_banean_campeonpartidojugador` on table `banean`
--
ALTER TABLE banean
ADD UNIQUE INDEX IX_banean_campeonpartidojugador (codigo_partido, codigo_campeon, codigo_jugador);

--
-- Create foreign key
--
ALTER TABLE banean
ADD CONSTRAINT fk_campeon_banean FOREIGN KEY (codigo_campeon)
REFERENCES campeones (codigo_campeon) ON DELETE CASCADE ON UPDATE CASCADE;

--
-- Create foreign key
--
ALTER TABLE banean
ADD CONSTRAINT fk_jugador_banean FOREIGN KEY (codigo_jugador)
REFERENCES jugadores (codigo_jugador) ON DELETE CASCADE ON UPDATE CASCADE;

--
-- Create foreign key
--
ALTER TABLE banean
ADD CONSTRAINT fk_partido_banean FOREIGN KEY (codigo_partido)
REFERENCES partidos (codigo_partido) ON DELETE CASCADE ON UPDATE CASCADE;

-- 
-- Dumping data for table equipos
--
INSERT INTO equipos VALUES
(1, 'El Real Betis Balompié es una entidad polideportiva con sede en Sevilla, España fundada en septiembre de 1908 para la práctica del fútbol. Con más de un siglo de historia, en 2020 entra en el sector de los deportes electrónicos con su acuerdo con el club endémico Cream Esports, fundando una nueva sección dentro del club, denominada Cream Real Betis, donde compite en múltiples juegos y con gran presencial en ligas tanto españolas como latinoamericanas.', 'CREAM REAL BETIS'),
(2, 'G2 Esports y Arctic Gaming unen fuerzas en 2020 y competirán juntos en la Superliga, bajo el nombre de G2 Arctic. Los árticos, con sede en Granada, explotarán la marca del club samurái en España. El objetivo de ambas organizaciones es aunar a sus respectivos fans bajo un mismo nombre: el de G2 Arctic.', 'G2 ARCTIC'),
(3, 'Movistar Riders es uno de los principales clubes de eSports en España compitiendo en los juegos más populares como League of Legends o CSGO. Sus jugadores representan la marca Movistar Riders en múltiples torneos a nivel nacional e internacional. El Club tiene su sede en el Movistar eSports Center, en Matadero Madrid, un centro de alto rendimiento donde los jugadores y cuerpo técnico cuentan con los medios más avanzados para desarrollar su actividad al máximo nivel.', 'MOVISTAR RIDERS'),
(4, 'UCAM Esports Club nace de la incorporación del histórico Penguins dentro de la estructura deportiva de la institución universitaria. En una constante apuesta por la formación y la creación de nuevos talentos, se ha desarrollado un proyecto que aspira a todo en la escena competitiva de los esports en España.', 'UCAM ESPORTS CLUB'),
(5, 'BCN Squad aterriza en la Grieta como un club de esports con un contexto nuevo, estructurado y orientado al rendimiento. Actualmente solo tienen una cosa en mente: ser aspirante a campeón de la Superliga.', 'BCN SQUAD'),
(6, 'S2V Esports ya cuenta con un año de trayectoria desde su rebranding. Tras consagrarse como una de las principales desarrolladoras de talento nacional en 2019, la organización ha apostado por una combinación de juventud y veteranía para esta nueva temporada de Superliga.', 'S2V ESPORTS'),
(7, 'Team Queso se forjó como un club centrado en mobile gaming, labrándose un nombre y configurando una de las marcas más potentes de España en este sector. A finales de 2018 dio el salto a otras plataformas con su entrada en la Superliga de CS:GO, y en 2019 inició su aventura en las competiciones de League of Legends.', 'TEAM QUESO'),
(8, 'Giants es el club más laureado del panorama español. También es uno de los más veteranos, y ha formado parte de las competiciones de Liga de Videojuegos Profesional desde prácticamente sus inicios. Cinco FinalCup en Call of Duty y seis en League of Legends son, entre muchos otros, los éxitos que ha cosechado el club malagueño a lo largo de su historia. Su más reciente título: la Superliga de primavera 2020 con su roster de ensueño.', 'VODAFONE GIANTS'),
(9, 'eMonkeyz Club es uno de los equipos históricos de la competición nacional. Con la misión de dar la sorpresa cada temporada, los monos afrontan un nuevo reto. Bienvenidos a la jungla.', 'EMONKEYZ CLUB'),
(10, 'MAD Lions es un club de eSports fundado en julio de 2017. En mayo de 2019, el club fue adquirido por Overactive Media, lo que supuso un gran hito en su historia. Ahora, los leones disputan la máxima competición europea (LEC), y la Superliga bajo la denominación de MAD Lions Madrid. Además, MAD Lions ya cuenta con cuatro trofeos de League of Legends en sus vitrinas: dos Superliga y dos Iberian Cup.', 'MAD LIONS MADRID');

-- 
-- Dumping data for table partidos
--
INSERT INTO partidos VALUES
(1, 'Jornada 1 - Temporada Regular', '2021-01-18 18:00:00'),
(2, 'Jornada 1 - Temporada Regular', '2021-01-18 19:00:00'),
(3, 'Jornada 1 - Temporada Regular', '2021-01-18 20:00:00'),
(4, 'Jornada 1 - Temporada Regular', '2021-01-18 21:00:00'),
(5, 'Jornada 1 - Temporada Regular', '2021-01-18 22:00:00'),
(6, 'Jornada 2 - Temporada Regular', '2021-01-20 18:00:00'),
(7, 'Jornada 2 - Temporada Regular', '2021-01-20 19:00:00'),
(8, 'Jornada 2 - Temporada Regular', '2021-01-20 20:00:00'),
(9, 'Jornada 2 - Temporada Regular', '2021-01-20 21:00:00'),
(10, 'Jornada 2 - Temporada Regular', '2021-01-20 22:00:00'),
(11, 'Jornada 3 - Temporada Regular', '2021-01-21 18:00:00'),
(12, 'Jornada 3 - Temporada Regular', '2021-01-21 19:00:00'),
(13, 'Jornada 3 - Temporada Regular', '2021-01-21 20:00:00'),
(14, 'Jornada 3 - Temporada Regular', '2021-01-21 21:00:00'),
(15, 'Jornada 3 - Temporada Regular', '2021-01-21 22:00:00'),
(16, 'Jornada 4 - Temporada Regular', '2021-01-25 18:00:00'),
(17, 'Jornada 4 - Temporada Regular', '2021-01-25 19:00:00'),
(18, 'Jornada 4 - Temporada Regular', '2021-01-25 20:00:00'),
(19, 'Jornada 4 - Temporada Regular', '2021-01-25 21:00:00');

-- 
-- Dumping data for table jugadores
--
INSERT INTO jugadores VALUES
(1, 'Antonio Cruz', 'Top', 'Española', 'No tiene', 'RUBI0O', 1),
(2, 'Dimitar Kostadinov', 'Jungler', 'Búlgara ', 'No tiene', 'LEBRON', 1),
(3, 'Ismael Martínez ', 'Mid', 'Española', 'No tiene', 'MINIDUKE', 1),
(4, 'Mikael Axelsson', 'Adc', 'Sueca', 'No tiene', 'NAMEX', 1),
(5, 'Alexandru Kolozsvari ', 'Support', 'Rumana', 'No tiene', 'WHITEINN', 1),
(6, 'Rubén Pimentel', 'Mid', 'Española', 'No tiene', 'PIMEN', 1),
(7, 'Cristina Campillo Sendín', 'Support', 'Española', 'Cristina "Yonna" Campillo es la support suplente de Cream Real Betis para esta Superliga.', 'YONNA', 1),
(8, 'Óscar Muñoz ', 'Top', 'Española', 'Óscar “Oscarinin” Muñoz se estableció como una pieza clave en el equipo durante su primera temporada, por lo que se ha mantenido como un pilar en el proyecto basado en Granada. Con tan solo 17 años y un futuro muy prometedor, el top laner catalán afronta este 2021 en busca de una solidez que le afiance como el mejor de la competición.', 'OSCARININ', 2),
(9, 'Luis Pérez', 'Jungler', 'Española', 'Siendo esta su quinta temporada en Superliga, Luis “Koldo” Pérez es una de las caras más reconocidas de la competición. El jungla murciano aún tiene mucho que demostrar, y se incorpora al conjunto nazarí para seguir creciendo y conquistar el trono de la máxima competición nacional. Es fan incondicional de Aitana.', 'KOLDO', 2),
(10, 'Bartlomiej Przewoznik', 'Mid', 'Polaca', 'Otro miembro de la cantera de midlaners polacos aterriza en Superliga: Bart?omiej "Fresskowy" Przewo?nik. Tras su actuación en la Iberian Cup, el jugador se ha mantenido en el quinteto titular, demostrando un muy buen talento individual y una gran polivalencia en el carril central. A sus 21 años, cuenta con un rodaje notable, habiendo competido en Ultraliga y European Masters.', 'FRESSKOWY', 2),
(11, 'David Martínez', 'Adc', 'Española', 'La primera temporada como rookie de David “Supa” Martínez no dejó indiferente a nadie. En menos de un año, el tirador murciano pasó del anonimato a ser un nombre muy sonado en la Superliga, demostrando un nivel mecánico envidiable y cualidades que le auguran un futuro brillante. La academia de G2 sigue apostando por él otra temporada más, manteniéndole como pieza costal en el equipo.', 'SUPA', 2),
(12, 'Oleksandr Yankovich', 'Support', 'Ucraniana', 'Desde Ucrania con amor, llega Oleksandr “Efias” Yankovich, el nuevo support del actual subcampeón de Superliga. Tras su paso por varias ERL y la TCL, el experimentado jugador irrumpe en el panorama nacional para asentarse como una de las mejores botlanes junto a Supa y seguir cosechando éxitos en su nueva etapa en España.', 'EFIAS', 2),
(13, 'Antonio Caballero Sanchez', 'Jungler', 'Española', 'No tiene', 'WACHONBB', 2),
(14, 'Pedro Serrano', 'Top', 'Española', 'Pedro José Serrano “Marky”, top de Movistar Riders, es un jugador muy competitivo que siempre busca llegar a la victoria en cada partida. Sus primeros pasos en League of Legends fueron en el equipo FireVoid y sólo 4 meses más tarde entró en el equipo de Movistar Riders Academy para pasar, un año más tarde, a formar parte del equipo principal. Ahora mismo, su principal objetivo es seguir creciendo dentro del club y conseguir el máximo de victorias junto a Movistar Riders.', 'MARKY', 3),
(15, 'Nubar Sarafian', 'Jungler', 'Inglesa', 'Nubar Manoug Sarafian, “Maxlore”, jungla de Movistar Riders, ha llegado al club decidido a ser el mejor jugador de League of Legends. Se dio cuenta de que quería ser un jugador profesional cuando empezó a ir a LANs y desde entonces ha desarrollado su carrera en diferentes equipos de la LEC, como Misfits Gaming. Amante de los deportes en general, es un jugador exigente que siempre busca ganar cuando compite.', 'MAXLORE', 3),
(16, 'Serkan Atilgan', 'Mid', 'Alemana', 'Serkan Atilgan “xKenzuke”, mid de Movistar Riders, es un jugador apasionado, que aprendió desde pequeño lo que es la competitividad jugando junto a sus 3 hermanos mayores. Antes de Movistar Riders, ha participado en otras competiciones internacionales como la TCL o la Premier League. Ahora, en Movistar Riders, su principal objetivo es llegar más allá de sus límites, crecer como jugador dentro y fuera del juego y llegar hasta la LEC.', 'XKENZUKE', 3),
(17, 'Michael Curtet', 'Adc', 'Española', 'Michael Curtet, “Rayito”, adc de Movistar Riders se define como “un chaval tranquilo”, aunque su objetivo en el club es tan contundente como consolidarse como uno de los mejores adcs de LVP. Antes de Movistar Riders, “Rayito” ya ha tenido experiencia en otros clubs de la Superliga de League of Legends, como eMonkeyz o Team Queso y a pesar de su experiencia, sigue disfrutando de cada partido como el primer día, ya que considera que cada encuentro ofrece algo diferente para los jugadores y la audiencia.', 'RAYITO', 3),
(18, 'Raymond Tsang', 'Support', 'Inglesa', 'Raymond Ka-sing Tsang, “Kasing”, support de Movistar Riders, es un jugador al que le encanta la competitividad en cada decisión tomada dentro del juego. Antes de Movistar Riders, su carrera ha pasado por otros equipos como Excel Esports, buscando siempre mejorar como jugador día a día. Ahora, tiene la mirada puesta en el trofeo de Superliga de League of Legends, que espera conseguir junto al resto de sus compañeros.', 'KASING', 3),
(19, 'Antonio Palencia Cañas', 'Jungler', 'Española', 'No tiene', 'PALENS', 3),
(20, 'Judit Sanchez Moya', 'Mid', 'Española', 'No tiene', 'IRINA', 3),
(21, 'Sergio Vicente', 'Adc', 'Española', 'No tiene', 'LEGOLAS', 3),
(22, 'Rodrigo Sinovas', 'Support', 'Española', 'No tiene', 'MAKE', 3),
(23, 'Rafa Ayllón', 'Adc', 'Española', 'No tiene', 'RAFITTA', 4),
(24, 'Jakub Vicenik ', 'Top', 'Checa', 'No tiene', 'DREEDY', 4),
(25, 'Maik Jonker ', 'Jungler', 'Holandesa', 'No tiene', 'HADES', 4),
(26, 'João Novais ', 'Mid', 'Portuguesa', 'No tiene', 'BACA', 4),
(27, 'Pedro Ribeiro', 'Support', 'Portuguesa', 'No tiene', 'PLASMA', 4),
(28, 'José Manuel Pardo Pérez', 'Top', 'Española', 'No tiene', 'SUREN', 4),
(29, 'Mario Benito', 'Jungler', 'Española', 'No tiene', 'SHYELANDER', 4),
(30, 'Néstor Martí Serrano', 'Mid', 'Española', 'No tiene', 'NAE', 4),
(31, 'Jorge Luzón', 'Adc', 'Española', 'No tiene', 'WODEX', 4),
(32, 'Borja Véliz Vega', 'Support', 'Española', 'No tiene', 'WANNABE', 4),
(33, 'Dimitris Xatzitsompanis', 'Top', 'Griega', 'Nuestro toplaner ha sido campeón de la liga griega durante el pasado split de invierno como Toplaner de We Love Gaming. Con actitud y liderazgo, IceBreaker es un valor seguro en el carril superior.', 'ICEBREAKER', 5),
(34, 'Iyán Fernández', 'Jungler', 'Española', 'Fue el terror del Circuito Tormenta durante la temporada 2020 y además lo ganó todo junto a Movistar Riders Academy. Este español con gran proyección y carácter llega a lo más alto de la competición española.', 'WIDOWMAKER', 5),
(35, 'Scott Menard', 'Mid', 'Francesa', 'Este chico francés mandará en el carril del medio esta temporada. Experimentado y seguro, ha militado en las filas de grandes equipos como GamersOrigin o Solary. Los magos bajo su control imponen, y mucho.', 'TONERRE', 5),
(36, 'Jakob Kepple', 'Adc', 'Inglesa', 'Este sólido adc noruego viene de Riddle Esports, equipo semifinalista de la “Telialigaen 2020” durante el split de verano. Su personaje favorito es Draven, por lo que mucho cuidado ADC’s contrarios, no os conviene enfrentamientos directos con Jackspektra.', 'JACKSPEKTRA', 5),
(37, 'Sergi Ruiz', 'Support', 'Española', 'Este español es un viejo conocido de BCN Squad ya que nos ayudó a llegar alcanzar los octavos de final durante la pasada Iberian Cup. Simpy es un valor seguro por lo que su dupla junto a Jackspektra será muy peligrosa.', 'SIMPY', 5),
(38, 'Ignacio David Piaggio', 'Adc', 'Española', 'Ignacio "Ace" Piaggio es un viejo conocido del Circuito Tormenta y con experiencia en el Circuito Tormenta ya que ha sido ADcarry de Abyssal E.C, Vodafone Giants Academy y Kawaii Kiwis. Será el refuerzo de IceBreaker.', 'ACE', 5),
(39, 'Víctor Navarro', 'Support', 'Española', 'Víctor Arias Navarro, más conocido como Viketox es el support suplente de BCN Squad. Tras lograr una inesperada cuarta plaza en la pasada edición de la Iberian Cup junto a SLO REJECTS, Viketox llega a BCN Squad para luchar por la posición de support junto a Simpy.', 'VIKETOX', 5),
(40, 'Lennart Warkus', 'Top', 'Alemana', 'Lennart “Jaeger” Warkus, top ya consolidado y con experiencia en Europa. Ha sido jugador de LCS y tras su llegada al club catalán se ha afianzado como uno de los esenciales del conjunto en su formación. Tras demostrar que es uno de los TOPs más solventes de la competición, ahora busca rematar su objetivo de llegar a Europa con S2V y luchar por la Superliga.', 'JAEGER', 6),
(41, 'Jirí Libánský ', 'Jungler', 'Checa', 'No tiene', 'SAWYOR', 6),
(42, 'Joran Scheffer', 'Mid', 'Holandesa', 'Joran "Special" Scheffer, conocido por muchos por ser uno de los midlaners de la LEC la pasada temporada con EXCEL, aterriza en las filas del equipo barcelonés bajo la tutela de Naruterador. De esta manera regresa a España para poder seguir demostrando que es uno de los mejores profesionales del League of Legends en Europa.', 'SPECIAL', 6),
(43, 'Nicolás Colocho ', 'Adc', 'Española', 'Nicolás "Nixerino" Colocho es uno de los ADC más veteranos en la competición española. Muy competitivo, insaciable y trabajador, no para de mejorar temporada tras temporada. En este 2021 busca grabar su nombre como campeón no sólo en la Superliga, sino también en la EU Master. Junto a Homi, forman la botlane más consolidada del país.', 'NIXERINO', 6),
(44, 'Adrián Moldes', 'Support', 'Española', 'Adrián "Homi" Moldes, uno de los supports y jugadores referencia de la Superliga. Pocos cuentan en la actualidad con su bagaje y conocimiento de juego en España. Sabe lo que es estar en varias finales y luchar por las primeras posiciones de la competición. Es un escudo versátil y completo sobre el que afianzar un proyecto con expectativas a ganarlo todo.', 'HOMI', 6),
(45, 'Javier Ruiz Martínez ', 'Top', 'Española', 'No tiene', 'JERVOA', 6),
(46, 'Pablo Gómez Mateo', 'Adc', 'Española', 'No tiene', 'LEVI', 6),
(47, 'Eder Mohedas Plaza', 'Support', 'Española', 'No tiene', 'THREAM', 6),
(48, 'Rosendo Fuentes', 'Top', 'Alemana', 'Desde que saliera de G2 Vodafone allá en 2018, Send0o continuó su carrera en Inglaterra bajo el equipo de Excel y ahora está de vuelta en España. Con la ambición intacta, se espera mucho en su retorno habiendo destacado siempre por su gran versatilidad y habilidad.', 'SEND0O', 7),
(49, 'David Casco ', 'Jungler', 'Española', 'Tras haber regresado a la liga española en 2020, Dahvys se asentó como uno de los junglas más mecánicos y decisivos de la liga. Con su estilo agresivo y alocado, cuajó un año excelente y espera seguir progresando para ser considerado, aunque ya muchos lo hacen, como uno de los mejores junglas nacionales.', 'DAHVYS', 7),
(50, 'Ernesto Castañeda', 'Mid', 'Española', 'Siler comienza una nueva aventura tras haber dejado, acompañado por Dahvys, un 2020 con un excelente nivel individual. Su capacidad para adaptarse, versatilidad y manejo de diferentes estilos, le hace un rival muy difícil de batir y que se desenvuelve a la perfección cuanto más avanza la partida.', 'SILER', 7),
(51, 'Javier Martínez', 'Adc', 'Española', 'Campeón de la última edición de Superliga y lejos de conformarse con ello, JaVaaa se enfrenta a este 2021 con un nuevo reto: acompañado de la Chavalería, demostrar que el talento nacional puede reinar en la Superliga. Con gran experiencia a sus espaldas, volverá a pelear por ser el mejor tirador español y llamar a la puerta de LEC.', 'JAVAAA', 7),
(52, 'Víctor Guzmán', 'Support', 'Española', 'No tiene', 'OSCURE', 7),
(53, 'Jiale Liu Lin', 'Top', 'Española', 'Jugador de calle superior especializado en el manejo de tanques y personajes defensivos. Siempre orientado a ofrecer utilidad al resto del equipo, se sacrifica en pos del beneficio grupal. Buscando continuar con su crecimiento, espera poder seguir con su formación para en el futuro dar el siguiente paso.', 'SHOLE', 7),
(54, 'Tomás Gutiérrez Puerto ', 'Support', 'Española', 'Support con gran champion pool cuya virtud se centra en la gran visión de juego que posee. Con un estilo marcadamente agresivo, siempre intenta buscar ventaja cuando es posible.', 'HANDAG', 7),
(55, 'Antonio Espinosa', 'Top', 'Española', 'No tiene', 'TH3ANTONIO', 8),
(56, 'Cantoursna An', 'Jungler', 'Francesa', 'No tiene', 'NJI', 8),
(57, 'Paul Betea', 'Mid', 'Rumana', 'Ronaldo es un jugador muy explosivo que se caracteriza por su agresividad y champion pool. No solo viene de ganar la liga en Francia con Misfits Premier, sino que además le dieron el MVP en la final. Viene a Vodafone Giants dispuesto a ganarlo todo.', 'RONALDO', 8),
(58, 'Amadeu Carvalho', 'Adc', 'Portuguesa', 'No tiene', 'ATTILA', 8),
(59, 'Kamil Košál ', 'Support', 'Eslovaca', 'Kamilius es un jugador que viene de Eslovaquia, tiene 22 años y ha competido en la escena profesional de League of Legends desde el 2016. Su último equipo ha sido ah Hoc Gaming, donde tenía un rol de segundo shot caller. En Giants será la voz principal del equipo, y liderará el macrogame para los gigantes.', 'KAMILIUS', 8),
(60, 'Miguel Santos', 'Top', 'Portuguesa', 'No tiene', 'FEARLESSS', 8),
(61, 'Edgaras Strazdauskas', 'Jungler', 'Lituana', 'Eckas es un jugador lituano muy joven, su actuación en la Iberian Cup fue sobresaliente ayudando a su equipo a ganar el título jugando campeones como Nidalee, Graves o Kindred. Outplayed y Morning Stars han sido los mejores equipos donde ha estado, consiguiendo levantar el título con último.', 'ECKAS', 8),
(62, 'Alberto Vega García', 'Support', 'Española', 'No tiene', 'VEGA', 8),
(63, 'Ondrej Sklenicka', 'Top', 'Checa', 'No tiene', 'ROBOCOP', 9),
(64, 'Óscar Ruiz', 'Jungler', 'Española', 'Óscar “Nyx” Ruiz, jugador español, es el jungla de S2V Esports. Tras pasar por el Circuito Tormenta durante 2019 y haber culminado el año ganando la misma competición, ha llegado a las filas de S2V para seguir desarrollando su talento y debutar en la Superliga Orange.', 'NYX', 9),
(65, 'Javier Carmona', 'Mid', 'Española', 'No tiene', 'JAVIER', 9),
(66, 'Nataniel Fikrisellasie ', 'Adc', 'Danesa', 'No tiene', 'NATA', 9),
(67, 'Carlos Lloret ', 'Support', 'Española', 'No tiene', 'FENDRAS', 9),
(68, 'Christian San José', 'Jungler', 'Española', 'No tiene', 'INFINITY', 9),
(69, 'Guillem Bagué', 'Adc', 'Española', 'No tiene', 'BLINK', 9),
(70, 'Toni Sabali', 'Top', 'Croata', 'Sacre es un veterano en la escena europea que ya ha jugado en Superliga y también ha competido en LEC con SK, sólido como una roca, va a ser una clave importante para el roster de MAD Lions este año.', 'SACRE', 10),
(71, 'Alexander Österlind ', 'Jungler', 'Sueca', 'Sangre nueva que viene directamente de soloQ, ha competido brevemente en la NCL. Alexx es un jugador agresivo que sorprenderá a todos.', 'ALEXX', 10),
(72, 'Jonas Bryder Jensen', 'Mid', 'Danesa', 'Este jugador danés ya jugó en la Iberian Cup de 2020 con MAD Lions. Es un midlaner con una amplia champion pool y proporciona al equipo una gran variedad de posibilidades y estilos de juego.', 'KNIGHTER', 10),
(73, 'Víctor Lirola', 'Adc', 'Española', 'Flakked ya no es un novato, ha asumido los galones de veterano del equipo de MAD Lions y además de su solidez como carry del equipo aporta este año la faceta de líder.', 'FLAKKED', 10),
(74, 'Ángel Fernández ', 'Support', 'Española', 'Ángel "DuaLL" Fernández es el support de MAD Lions Madrid. Más de cuatro años compitiendo le convierten en uno de los jugadores más experimentados del equipo. Tras su paso la temporada anterior en el equipo de x6tence, donde no consiguió alcanzar los puestos de playoffs, vuelve una vez más con ganas de demostrar que tiene el nivel necesario para conseguir la clasificación.', 'DUALL', 10),
(75, 'Luis Calderón', 'Support', 'Española', 'Después de su paso por MAD Lions en la Iberian Cup, se ha consagrado como una de las figuras más importantes en el rol de support en el panorama nacional. Su mejor arma es su comunicación y su sinergia con Flakked.', 'AESENAR', 10);

-- 
-- Dumping data for table campeones
--
INSERT INTO campeones VALUES
(1, 'Aatrox'),
(2, 'Ahri'),
(3, 'Akali'),
(4, 'Alistar'),
(5, 'Amumu'),
(6, 'Anivia'),
(7, 'Annie'),
(8, 'Aphelios'),
(9, 'Ashe'),
(10, 'Aurelion'),
(11, 'Azir'),
(12, 'Bardo'),
(13, 'Blitzcrank'),
(14, 'Brand'),
(15, 'Braum'),
(16, 'Caitlyn'),
(17, 'Camille'),
(18, 'Cassiopeia'),
(19, 'Cho''Gath'),
(20, 'Corki'),
(21, 'Darius'),
(22, 'Diana'),
(23, 'Dr. Mundo'),
(24, 'Draven'),
(25, 'Ekko'),
(26, 'Elise'),
(27, 'Evelynn'),
(28, 'Ezreal'),
(29, 'Fiddlesticks'),
(30, 'Fiora'),
(31, 'Fizz'),
(32, 'Galio'),
(33, 'Gangplank'),
(34, 'Garen'),
(35, 'Gnar'),
(36, 'Gragas'),
(37, 'Graves'),
(38, 'Hecarim'),
(39, 'Heimerdinger'),
(40, 'Illaoi'),
(41, 'Irelia'),
(42, 'Ivern'),
(43, 'Janna'),
(44, 'Jarvan IV'),
(45, 'Jax'),
(46, 'Jayce'),
(47, 'Jhin'),
(48, 'Jinx'),
(49, 'Kai''Sa'),
(50, 'Kalista'),
(51, 'Karma'),
(52, 'Karthus'),
(53, 'Kassadin'),
(54, 'Katarina'),
(55, 'Kayle'),
(56, 'Kayn'),
(57, 'Kennen'),
(58, 'Kha''Zix'),
(59, 'Kindred'),
(60, 'Kled'),
(61, 'Kog''Maw'),
(62, 'LeBlanc'),
(63, 'Lee Sin'),
(64, 'Leona'),
(65, 'Lillia'),
(66, 'Lissandra'),
(67, 'Lucian'),
(68, 'Lulu'),
(69, 'Lux'),
(70, 'Malphite'),
(71, 'Malzahar'),
(72, 'Maokai'),
(73, 'Maestro Yi'),
(74, 'Miss Fortune'),
(75, 'Mordekaiser'),
(76, 'Morgana'),
(77, 'Nami'),
(78, 'Nasus'),
(79, 'Nautilus'),
(80, 'Neeko'),
(81, 'Nidalee'),
(82, 'Nocturne'),
(83, 'Nunu y Willump'),
(84, 'Olaf'),
(85, 'Orianna'),
(86, 'Ornn'),
(87, 'Pantheon'),
(88, 'Poppy'),
(89, 'Pyke'),
(90, 'Qiyana'),
(91, 'Quinn'),
(92, 'Rakan'),
(93, 'Rammus'),
(94, 'Rek''Sai'),
(95, 'Rell'),
(96, 'Renekton'),
(97, 'Rengar'),
(98, 'Riven'),
(99, 'Rumble'),
(100, 'Ryze'),
(101, 'Samira'),
(102, 'Sejuani'),
(103, 'Senna'),
(104, 'Seraphine'),
(105, 'Sett'),
(106, 'Shaco'),
(107, 'Shen'),
(108, 'Shyvana'),
(109, 'Singed'),
(110, 'Sion'),
(111, 'Sivir'),
(112, 'Skarner'),
(113, 'Sona'),
(114, 'Soraka'),
(115, 'Swain'),
(116, 'Sylas'),
(117, 'Syndra'),
(118, 'Tahm Kench'),
(119, 'Taliyah'),
(120, 'Talon'),
(121, 'Taric'),
(122, 'Teemo'),
(123, 'Thresh'),
(124, 'Tristana'),
(125, 'Trundle'),
(126, 'Tryndamere'),
(127, 'Twisted Fate'),
(128, 'Twitch'),
(129, 'Udyr'),
(130, 'Urgot'),
(131, 'Varus'),
(132, 'Vayne'),
(133, 'Veigar'),
(134, 'Vel''Koz'),
(135, 'Vi'),
(136, 'Viego'),
(137, 'Viktor'),
(138, 'Vladimir'),
(139, 'Volibear'),
(140, 'Warwick'),
(141, 'Wukong'),
(142, 'Xayah'),
(143, 'Xerath'),
(144, 'Xin Zhao'),
(145, 'Yasuo'),
(146, 'Yone'),
(147, 'Yorick'),
(148, 'Yuumi'),
(149, 'Zac'),
(150, 'Zed'),
(151, 'Ziggs'),
(152, 'Zilean'),
(153, 'Zoe'),
(154, 'Zyra');

-- 
-- Dumping data for table pickean
--
INSERT INTO pickean VALUES
(1, 25, 72),
(1, 36, 1),
(1, 47, 73),
(1, 49, 4),
(1, 64, 5),
(1, 81, 71),
(1, 84, 2),
(1, 92, 75),
(1, 96, 70),
(1, 104, 3),
(2, 35, 33),
(2, 47, 23),
(2, 64, 39),
(2, 72, 27),
(2, 74, 36),
(2, 87, 34),
(2, 96, 24),
(2, 119, 25),
(2, 137, 35),
(2, 153, 26),
(3, 15, 67),
(3, 28, 66),
(3, 35, 40),
(3, 36, 44),
(3, 37, 64),
(3, 49, 43),
(3, 84, 41),
(3, 96, 63),
(3, 117, 42),
(3, 137, 65),
(4, 8, 58),
(4, 15, 59),
(4, 19, 55),
(4, 32, 52),
(4, 36, 48),
(4, 37, 61),
(4, 84, 49),
(4, 85, 50),
(4, 103, 51),
(4, 117, 57),
(5, 1, 14),
(5, 3, 8),
(5, 9, 17),
(5, 36, 12),
(5, 37, 15),
(5, 49, 11),
(5, 95, 18),
(5, 116, 16),
(5, 119, 9),
(5, 146, 10),
(6, 1, 24),
(6, 32, 27),
(6, 35, 40),
(6, 36, 44),
(6, 37, 25),
(6, 49, 23),
(6, 85, 26),
(6, 87, 41),
(6, 101, 43),
(6, 153, 42),
(7, 11, 35),
(7, 12, 75),
(7, 19, 33),
(7, 36, 70),
(7, 37, 34),
(7, 47, 73),
(7, 49, 36),
(7, 84, 71),
(7, 85, 72),
(7, 104, 37),
(8, 8, 11),
(8, 17, 8),
(8, 32, 10),
(8, 37, 64),
(8, 49, 66),
(8, 70, 63),
(8, 79, 67),
(8, 119, 9),
(8, 123, 12),
(8, 137, 65),
(9, 4, 5),
(9, 19, 55),
(9, 32, 57),
(9, 35, 1),
(9, 37, 61),
(9, 38, 2),
(9, 49, 4),
(9, 64, 59),
(9, 124, 58),
(9, 137, 3),
(10, 31, 16),
(10, 35, 48),
(10, 37, 49),
(10, 38, 15),
(10, 49, 17),
(10, 84, 14),
(10, 92, 18),
(10, 101, 51),
(10, 117, 50),
(10, 121, 52),
(11, 8, 43),
(11, 36, 40),
(11, 41, 42),
(11, 49, 36),
(11, 79, 37),
(11, 87, 41),
(11, 105, 33),
(11, 119, 34),
(11, 123, 44),
(11, 153, 35),
(12, 1, 63),
(12, 4, 67),
(12, 32, 52),
(12, 35, 48),
(12, 49, 66),
(12, 65, 64),
(12, 101, 51),
(12, 117, 50),
(12, 119, 49),
(12, 124, 65),
(13, 8, 11),
(13, 26, 25),
(13, 41, 10),
(13, 47, 23),
(13, 70, 8),
(13, 72, 27),
(13, 81, 9),
(13, 96, 24),
(13, 123, 12),
(13, 153, 26),
(14, 4, 5),
(14, 31, 16),
(14, 37, 2),
(14, 49, 4),
(14, 86, 1),
(14, 87, 15),
(14, 92, 18),
(14, 96, 14),
(14, 142, 17),
(14, 146, 3),
(15, 32, 75),
(15, 49, 73),
(15, 67, 72),
(15, 79, 59),
(15, 81, 71),
(15, 107, 70),
(15, 119, 61),
(15, 124, 58),
(15, 139, 55),
(15, 146, 57),
(16, 32, 37),
(16, 36, 55),
(16, 38, 34),
(16, 49, 58),
(16, 64, 59),
(16, 65, 61),
(16, 100, 35),
(16, 105, 33),
(16, 132, 36),
(16, 137, 57),
(17, 4, 67),
(17, 15, 5),
(17, 32, 65),
(17, 36, 63),
(17, 47, 4),
(17, 49, 66),
(17, 65, 2),
(17, 87, 64),
(17, 96, 1),
(17, 117, 3),
(18, 3, 42),
(18, 32, 44),
(18, 33, 8),
(18, 35, 40),
(18, 36, 12),
(18, 38, 41),
(18, 65, 9),
(18, 101, 11),
(18, 116, 10),
(18, 142, 43),
(19, 8, 51),
(19, 17, 24),
(19, 36, 52),
(19, 37, 25),
(19, 49, 23),
(19, 64, 27),
(19, 65, 49),
(19, 67, 50),
(19, 107, 48),
(19, 127, 26);

-- 
-- Dumping data for table patrocinadores
--
INSERT INTO patrocinadores VALUES
('Chips ahoy, Jd Sports, Logitech,H&S,AOC, Knoweats', 2),
('Digifast,Elgato, Lotto, Samsung, Wetaka', 7),
('Imagin, EPOS, Razer, AOC, Kappa', 10),
('Kappa', 1),
('Kelme, Bic, SocialPubli, Florpad, IEBS, Nanoleaf', 9),
('Lenovo, Nike, PcBox, Drift', 4),
('Movistar, Omen, McDonald''s, Mahou, Alaiafflelou, Drift', 3),
('Northweek', 5),
('Sogeti', 6),
('Vodafone, Nike, Kitkat, Diesel, Maggi, Chupa chups, Red bull, Málaga, Ozone, Versus gamers, Drift', 8);

-- 
-- Dumping data for table juegan
--
INSERT INTO juegan VALUES
(1, 1, 1, 0, 1, 0, 0, 2, 42800),
(1, 10, 19, 1, 3, 2, 1, 10, 57400),
(2, 4, 7, 0, 1, 1, 1, 5, 51700),
(2, 5, 18, 2, 4, 2, 0, 10, 62600),
(3, 6, 17, 1, 4, 1, 1, 9, 57900),
(3, 9, 6, 0, 0, 0, 0, 0, 43300),
(4, 7, 8, 0, 3, 0, 0, 3, 52900),
(4, 8, 13, 2, 2, 3, 1, 11, 61700),
(5, 2, 10, 0, 1, 0, 0, 0, 38100),
(5, 3, 21, 1, 2, 2, 1, 9, 50800),
(6, 4, 7, 0, 1, 0, 0, 1, 28655),
(6, 6, 15, 2, 4, 2, 1, 10, 57488),
(7, 5, 16, 1, 4, 1, 1, 7, 67269),
(7, 10, 8, 0, 1, 0, 0, 3, 43010),
(8, 2, 13, 1, 4, 2, 1, 10, 46096),
(8, 9, 9, 0, 2, 0, 0, 3, 35772),
(9, 1, 16, 1, 4, 3, 1, 5, 48771),
(9, 8, 2, 1, 2, 0, 0, 9, 38153),
(10, 3, 23, 1, 3, 1, 1, 7, 48279),
(10, 7, 7, 0, 3, 0, 0, 4, 38308),
(11, 5, 11, 0, 2, 0, 0, 3, 39898),
(11, 6, 24, 1, 2, 1, 1, 8, 53502),
(12, 7, 16, 1, 3, 1, 1, 9, 52012),
(12, 9, 1, 0, 0, 0, 0, 1, 39643),
(13, 2, 16, 0, 4, 3, 1, 11, 58725),
(13, 4, 10, 0, 1, 0, 0, 3, 42366),
(14, 1, 10, 0, 0, 0, 0, 2, 41932),
(14, 3, 20, 1, 4, 1, 1, 7, 60587),
(15, 8, 0, 0, 0, 0, 0, 3, 50586),
(15, 10, 15, 1, 4, 2, 1, 10, 62331),
(16, 5, 18, 0, 4, 1, 1, 9, 55642),
(16, 8, 4, 0, 0, 0, 0, 3, 44371),
(17, 1, 4, 0, 1, 0, 0, 3, 47111),
(17, 9, 17, 1, 4, 1, 1, 7, 52597),
(18, 2, 15, 0, 3, 1, 1, 8, 70285),
(18, 6, 7, 0, 2, 0, 0, 4, 62141),
(19, 4, 21, 1, 4, 1, 1, 9, 68374),
(19, 7, 15, 1, 1, 0, 0, 6, 61389);

-- 
-- Dumping data for table entrenadores
--
INSERT INTO entrenadores VALUES
(2, 'Lograr el subcampeonato de Superliga y participar en el European Masters con un roster conformado por 5 rookies, no es tarea fácil, pero esta es la carta de presentación de Tomás “Melzhet” Campelos. En su primera temporada, demostró ser un excelente líder en el vestuario, capaz de detectar y moldear jóvenes talentos. El entrenador gallego ha dejado cuáles son sus metas para 2021: ganar todo.', 'MELZHET', 'Española', 26, 2, 'Tomás Campelos'),
(3, 'Josh Smith, “Jarge”, Team Director del equipo de League of Legends de Movistar Riders, comenzó a jugar a LoL en 2010, cuando el juego estaba en su fase beta. Jarge es graduado en Youth and Community Development por la Universidad Montfort. La tercera temporada de Challenger Series fue un punto de inflexión en su carrera deportiva, ya que dejó de ser jugador para empezar a formarse como coach. Ha pasado por equipos del calibre de Fnatic, TSM y Team Liquid.', 'JARGE', 'Inglesa', 31, 3, 'Joshua Edward Smith'),
(4, 'Gonçalo "Crusher" Brandão es un experimentado entrenador europeo. Aunque comenzó como jungla en 2015, a finales de 2016 dio el salto a las labores de entrenador, y desde entonces se ha ganado su reputación.', 'CRUSHER', 'Portuguesa', 28, 4, 'Gonçalo Brandão'),
(5, 'Álvaro "Xaio" Hernández inicia la temporada 2021 como entrenador de BCN Squad tras un gran papel del equipo durante la edición de 2020 de la Iberian Cup. Este joven entrenador ya dispone de una dilatada experiencia tras su paso por grandes e históricos equipos españoles como PAM eSports, Movistar Riders o Team Queso.', 'XAIO', 'Española', 29, 5, 'Alvaro Hernández'),
(6, 'Le conocen como Naru, su nombre completo es Naruterador. Es una de las mentes más clínicas del panorama nacional. Su formación tanto como jugador como coach se ha basado siempre en el análisis, tanto del rival como de sus propias capacidades. Sabe sacar brillo a cualquier jugador y otorgarle las herramientas necesarias para que saque su mejor versión.', 'NARUTERADOR', 'Española', 28, 6, 'Ramón Meseguer'),
(7, 'Durante el 2019 dio el salto a la Superliga para acudir al rescate de Team Queso tras su mal inicio en el split de verano. Tras completar una espectacular remontada y una buena Iberian Cup, Prod1gy continua como Head Coach al mando de la Chavalería.', 'PROD1GY', 'Española', 29, 7, 'Iván Villanueva'),
(8, 'Entrenador español con más de 7 años de experiencia al frente de equipos de League of Legends, tras su paso por Europa y haber colaborado con equipos como Fnatic o MSF vuelve al panorama nacional para dirigir a los Gigantes en su búsqueda del campeonato.', 'JANDRO', 'Española', 26, 8, 'Alejandro Fernández-Valdé'),
(9, 'No tiene', 'PAWNED', 'Española', 26, 9, 'Pau Silveira Jiménez '),
(10, 'Jesús "Falco" Pérez es uno de los supports más veteranos del panorama nacional, aunque ahora ha dado el salto al cuerpo técnico de MAD Lions Madrid. Tras consagrarse como estrella en su primera FinalCup (con G2 Vodafone), el cartagenero ha repetido título en tres ocasiones más (además de una Iberian Cup). Su templanza y liderazgo le han convertido siempre en un miembro muy completo capaz de destacar en todas las facetas del juego. Esta temporada será el apoyo de Araneae como segundo entrenador del equipo.', 'FALCO', 'Española', 26, 10, 'Jesús Pérez');

-- 
-- Dumping data for table banean
--
INSERT INTO banean VALUES
(1, 3, 2),
(1, 17, 1),
(1, 27, 71),
(1, 35, 72),
(1, 58, 73),
(1, 65, 75),
(1, 85, 4),
(1, 86, 70),
(1, 137, 5),
(1, 146, 3),
(2, 3, 36),
(2, 4, 34),
(2, 32, 33),
(2, 37, 35),
(2, 42, 24),
(2, 67, 26),
(2, 83, 25),
(2, 84, 39),
(2, 123, 23),
(2, 146, 27),
(3, 3, 66),
(3, 32, 63),
(3, 41, 67),
(3, 64, 44),
(3, 67, 65),
(3, 87, 42),
(3, 92, 43),
(3, 119, 41),
(3, 146, 64),
(3, 153, 40),
(4, 3, 50),
(4, 17, 57),
(4, 25, 61),
(4, 49, 55),
(4, 64, 52),
(4, 67, 49),
(4, 86, 48),
(4, 87, 58),
(4, 119, 59),
(4, 123, 51),
(5, 4, 12),
(5, 17, 17),
(5, 64, 14),
(5, 65, 16),
(5, 68, 11),
(5, 84, 9),
(5, 87, 10),
(5, 96, 15),
(5, 101, 18),
(5, 123, 8),
(6, 3, 42),
(6, 17, 43),
(6, 45, 25),
(6, 65, 26),
(6, 67, 27),
(6, 81, 41),
(6, 84, 23),
(6, 96, 24),
(6, 117, 44),
(6, 119, 40),
(7, 3, 36),
(7, 42, 70),
(7, 64, 34),
(7, 79, 33),
(7, 81, 37),
(7, 83, 71),
(7, 86, 73),
(7, 96, 72),
(7, 117, 35),
(7, 146, 75),
(8, 3, 67),
(8, 41, 64),
(8, 67, 66),
(8, 84, 10),
(8, 85, 12),
(8, 87, 65),
(8, 96, 9),
(8, 117, 11),
(8, 119, 57),
(8, 146, 63),
(8, 153, 8),
(9, 3, 3),
(9, 8, 4),
(9, 57, 2),
(9, 65, 55),
(9, 85, 58),
(9, 86, 5),
(9, 104, 59),
(9, 117, 1),
(9, 146, 61),
(10, 1, 52),
(10, 3, 49),
(10, 17, 14),
(10, 25, 51),
(10, 32, 16),
(10, 84, 50),
(10, 87, 17),
(10, 96, 15),
(10, 119, 18),
(10, 123, 48),
(11, 3, 37),
(11, 17, 44),
(11, 35, 36),
(11, 42, 40),
(11, 83, 41),
(11, 84, 35),
(11, 85, 33),
(11, 96, 42),
(11, 117, 34),
(11, 146, 43),
(12, 17, 64),
(12, 30, 63),
(12, 37, 66),
(12, 67, 67),
(12, 70, 52),
(12, 84, 50),
(12, 86, 51),
(12, 87, 65),
(12, 96, 49),
(12, 153, 48),
(13, 3, 10),
(13, 32, 26),
(13, 37, 8),
(13, 65, 9),
(13, 67, 24),
(13, 84, 12),
(13, 86, 27),
(13, 87, 25),
(13, 119, 11),
(13, 146, 23),
(14, 3, 5),
(14, 8, 15),
(14, 27, 18),
(14, 38, 17),
(14, 47, 2),
(14, 58, 16),
(14, 65, 14),
(14, 74, 1),
(14, 84, 4),
(14, 119, 3),
(15, 3, 57),
(15, 8, 75),
(15, 35, 61),
(15, 37, 72),
(15, 57, 58),
(15, 64, 59),
(15, 84, 55),
(15, 101, 71),
(15, 117, 73),
(15, 142, 70),
(16, 8, 36),
(16, 17, 59),
(16, 37, 34),
(16, 42, 55),
(16, 59, 33),
(16, 83, 61),
(16, 84, 35),
(16, 87, 57),
(16, 104, 58),
(16, 119, 37),
(17, 25, 1),
(17, 27, 64),
(17, 58, 65),
(17, 67, 63),
(17, 79, 2),
(17, 84, 4),
(17, 119, 3),
(17, 123, 67),
(17, 146, 66),
(17, 153, 5),
(18, 17, 40),
(18, 41, 43),
(18, 49, 10),
(18, 50, 8),
(18, 70, 44),
(18, 84, 11),
(18, 87, 12),
(18, 119, 41),
(18, 123, 42),
(18, 132, 9),
(19, 30, 24),
(19, 32, 51),
(19, 45, 25),
(19, 72, 52),
(19, 84, 50),
(19, 87, 27),
(19, 96, 49),
(19, 101, 23),
(19, 119, 26),
(19, 123, 48);

-- 
-- Restore previous SQL mode
-- 
/*!40101 SET SQL_MODE=@OLD_SQL_MODE */;

-- 
-- Enable foreign keys
-- 
/*!40014 SET FOREIGN_KEY_CHECKS = @OLD_FOREIGN_KEY_CHECKS */;